<?xml version="1.0"?>
<PackData name="Club Data download for Brazil" desc="The Club Data download containing all club data for Brazil - generated at 15-Jun-2018 05:00:03"><ClubData baseImageUrl="//smimgs.com/images/logos/clubs/"><C id="286" n="Atl&#xE9;tico Mineiro"/><C id="287" n="Atl&#xE9;tico Paranaense"/><C id="288" n="Botafogo FR"/><C id="289" n="Brasiliense"/><C id="290" n="Corinthians"/><C id="291" n="Coritiba"/><C id="292" n="Cruzeiro"/><C id="293" n="Figueirense"/><C id="294" n="Flamengo"/><C id="295" n="Fluminense"/><C id="296" n="Fortaleza EC"/><C id="297" n="Goi&#xE1;s"/><C id="298" n="SC Internacional"/><C id="299" n="Juventude"/><C id="300" n="Palmeiras"/><C id="301" n="Paran&#xE1; Clube"/><C id="302" n="Paysandu SC"/><C id="303" n="Ponte Preta"/><C id="304" n="Santos FC"/><C id="305" n="S&#xE3;o Caetano"/><C id="306" n="S&#xE3;o Paulo FC"/><C id="307" n="Vasco da Gama"/><C id="602" n="Gr&#xEA;mio"/><C id="603" n="Santa Cruz"/><C id="922" n="N&#xE1;utico"/><C id="923" n="Sport Recife"/><C id="924" n="Am&#xE9;rica de Natal"/><C id="1232" n="Portuguesa"/><C id="1233" n="Ipatinga FC"/><C id="1237" n="EC Vit&#xF3;ria"/><C id="1414" n="Ava&#xED; FC"/><C id="1418" n="Gr&#xEA;mio Barueri"/><C id="1419" n="EC Santo Andr&#xE9;"/><C id="1447" n="CA Bragantino"/><C id="1457" n="Vila Nova"/><C id="1458" n="Cear&#xE1; SC"/><C id="1473" n="EC Bahia"/><C id="1515" n="Guarani FC"/><C id="1581" n="Atl&#xE9;tico Goianiense"/><C id="1590" n="Icasa"/><C id="1614" n="Am&#xE9;rica Mineiro"/><C id="1630" n="Guaratinguet&#xE1;"/><C id="1645" n="ASA"/><C id="1650" n="Duque de Caxias"/><C id="1772" n="Crici&#xFA;ma EC"/><C id="1785" n="ABC"/><C id="1896" n="Boa Esporte"/><C id="2013" n="Salgueiro AC"/><C id="2014" n="SER Caxias do Sul"/><C id="2015" n="Clube de Regatas Brasil"/><C id="2063" n="Joinville EC"/><C id="2174" n="Oeste FC"/><C id="2216" n="&#xC1;guia de Marab&#xE1;"/><C id="2378" n="Madureira EC"/><C id="2379" n="Chapecoense AF"/><C id="2392" n="Mogi Mirim EC"/><C id="2394" n="Maca&#xE9; Esporte FC"/><C id="2395" n="Sampaio Corr&#xEA;a"/><C id="2396" n="Campinense Clube"/><C id="2403" n="ACEC Bara&#xFA;nas"/><C id="2416" n="Cuiab&#xE1; EC"/><C id="2424" n="Nacional AM"/><C id="2444" n="Treze FC"/><C id="2446" n="CRA Catalano"/><C id="2455" n="Ituano FC"/><C id="2475" n="Volta Redonda FC"/><C id="2476" n="Clube do Remo"/><C id="2478" n="Brasil de Pelotas"/><C id="2480" n="Paulista FC"/><C id="2490" n="Goian&#xE9;sia EC"/><C id="2494" n="Luverdense EC"/><C id="2537" n="Mixto EC"/><C id="2614" n="Nova Igua&#xE7;u"/><C id="2617" n="Resende FC"/><C id="2620" n="AA Aparecidense"/><C id="2795" n="Arax&#xE1; EC"/><C id="2796" n="Lajeadense"/><C id="2797" n="Central SC"/><C id="2799" n="J.Malucelli"/><C id="2801" n="Tupi FC"/><C id="2802" n="Botafogo SP"/><C id="2810" n="Mar&#xED;lia AC"/><C id="2811" n="EC Aracruz"/><C id="2812" n="RB Brasil"/><C id="2813" n="Mirassol FC"/><C id="2814" n="CS Alagoano"/><C id="2815" n="Bangu AC"/><C id="2816" n="CA Linense"/><C id="2820" n="Desportivo Brasil"/><C id="2829" n="CA Penapolense"/><C id="2831" n="Bras&#xED;lia FC"/><C id="2848" n="Oper&#xE1;rio Ferrovi&#xE1;rio EC"/><C id="2850" n="Ypiranga FC"/><C id="2874" n="Gr&#xEA;mio Osasco Audax"/><C id="2877" n="&#xC1;guia Negra"/><C id="2881" n="Londrina EC"/><C id="2936" n="CN Marc&#xED;lio Dias"/><C id="2965" n="Comercial-SP"/><C id="3005" n="Tombense FC"/><C id="3017" n="Botafogo PB"/><C id="3018" n="Boavista RJ"/><C id="3022" n="Porto CE"/><C id="3023" n="AA Santa Rita"/><C id="3032" n="Ferrovi&#xE1;rio AC"/><C id="3035" n="XV de Piracicaba"/><C id="3036" n="CA Metropolitano"/><C id="3037" n="Serra Macaense "/><C id="3038" n="Rio Branco FC"/><C id="3039" n="Rio Claro FC"/><C id="3040" n="Vitoria da Conquista"/><C id="3041" n="Guarany de Sobral"/><C id="3042" n="Atl&#xE9;tico Monte Azul"/><C id="3043" n="Roma EA"/><C id="3057" n="AD Cabofriense"/><C id="3059" n="EC Pelotas"/><C id="3060" n="Murici FC"/><C id="3061" n="AE Tiradentes"/><C id="3062" n="CA Juventus"/><C id="3063" n="Guarani EC"/><C id="3064" n="Cianorte FC"/><C id="3065" n="Audax Rio"/><C id="3066" n="EC Taubat&#xE9;"/><C id="3067" n="SD Juazeirense"/><C id="3074" n="Gr&#xEA;mio An&#xE1;polis"/><C id="3075" n="An&#xE1;polis FC"/><C id="3080" n="S&#xE3;o Carlos FC"/><C id="3085" n="AE Velo Clube"/><C id="3086" n="Belo Jardim FC"/><C id="3102" n="Alecrim FC"/><C id="3122" n="S&#xE3;o Bernardo FC"/><C id="3173" n="Uni&#xE3;o Barbarense"/><C id="3174" n="Gr&#xEA;mio Catanduvense"/><C id="3184" n="Gurupi EC"/><C id="3200" n="Atl&#xE9;tico Sorocaba"/><C id="3204" n="Am&#xE9;rica RJ"/><C id="3205" n="AA Coruripe"/><C id="3241" n="Sobradinho EC"/><C id="3244" n="Friburguense AC"/><C id="3245" n="AA Internacional"/><C id="3246" n="EC Novo Hamburgo"/><C id="3247" n="Botafogo BA"/><C id="3248" n="Olaria AC"/><C id="3249" n="AA Anapolina"/><C id="3251" n="EC S&#xE3;o Luiz"/><C id="3252" n="Santa Cruz RS"/><C id="3257" n="Gal&#xED;cia EC"/><C id="3258" n="Am&#xE9;rica SP"/><C id="3269" n="CA Votuporanguense"/><C id="3349" n="Piau&#xED; EC"/><C id="3370" n="S&#xE3;o Mateus"/><C id="3414" n="Cambori&#xFA;"/><C id="3415" n="Bonsucesso FC"/><C id="3424" n="AA Flamengo"/><C id="3426" n="Ferrovi&#xE1;ria"/><C id="3427" n="CA Joseense"/><C id="3431" n="EC Cruzeiro"/><C id="3435" n="Arapongas EC"/><C id="3436" n="S&#xE3;o Jos&#xE9; EC"/><C id="3437" n="Inter de Bebedouro"/><C id="3438" n="Villa Nova AC"/><C id="3439" n="AA Caldense"/><C id="3440" n="Atl&#xE9;tico da Barra"/><C id="3441" n="Rio Preto EC"/><C id="3445" n="Independente FC"/><C id="3447" n="SE Vit&#xF3;ria"/><C id="3469" n="Toledo Col&#xF4;nia Work"/><C id="3479" n="Feirense FC"/><C id="3480" n="Estrela do Norte"/><C id="3481" n="Gr&#xEA;mio Novorizontino"/><C id="3485" n="SE Gama"/><C id="3487" n="AO Itabaiana"/><C id="3488" n="SC S&#xE3;o Paulo"/><C id="3489" n="Caldas Novas AC"/><C id="3490" n="Morrinhos FC"/><C id="3491" n="Nacional EC"/><C id="3492" n="Ceil&#xE2;ndia EC"/><C id="3493" n="Goi&#xE2;nia EC"/><C id="3494" n="EC Tigres"/><C id="3495" n="SE Patrocinense"/><C id="3496" n="Uberaba SC"/><C id="3497" n="Rio Branco SC"/><C id="3498" n="Iguatu FC"/><C id="3499" n="Princesa do Solim&#xF5;es"/><C id="3500" n="CE Aimor&#xE9;"/><C id="3501" n="SE Itapirense"/><C id="3502" n="EC Passo Fundo"/><C id="3503" n="EC &#xC1;gua Santa"/><C id="3504" n="EC Rio Verde"/><C id="3505" n="Camet&#xE1; SC"/><C id="3506" n="AD Confian&#xE7;a"/><C id="3507" n="Galvez EC"/><C id="3508" n="Cer&#xE2;mica AC"/><C id="3509" n="Paragominas FC"/><C id="3510" n="Esportivo BG"/><C id="3511" n="Alagoinhas AC"/><C id="3512" n="Batatais FC"/><C id="3513" n="Rio Branco EC"/><C id="3519" n="SERC Guarani"/><C id="3521" n="Clube Sociedade Esportiva"/><C id="3522" n="AA Francana"/><C id="3523" n="Maring&#xE1; FC"/><C id="3524" n="Am&#xE9;rica TO"/><C id="3525" n="Atl&#xE9;tico de Cajazeiras"/><C id="3526" n="Gr&#xEA;mio Recreativo Serrano"/><C id="3527" n="Canoinhas AC"/><C id="3528" n="Boca J&#xFA;nior"/><C id="3529" n="Horizonte FC"/><C id="3531" n="AC Paranava&#xED;"/><C id="3532" n="Am&#xE9;rica PE"/><C id="3533" n="Capivariano FC"/><C id="3535" n="Auto Esporte Clube"/><C id="3547" n="EC S&#xE3;o Bento"/><C id="3559" n="Atl&#xE9;tico Hermann Aichinger"/><C id="3581" n="Serrano SC"/><C id="3615" n="Tup&#xE3; FC"/><C id="3642" n="EC Internacional"/><C id="3670" n="Cotia FC"/><C id="3672" n="EC Avenida"/><C id="3675" n="Legi&#xE3;o FC"/><C id="3678" n="Gr&#xEA;mio Esportivo Juventus"/><C id="3718" n="Penarol AC"/><C id="3724" n="XV de Ja&#xFA;"/><C id="3728" n="Quixad&#xE1; FC"/><C id="3756" n="EC Primavera"/><C id="3767" n="EC Noroeste"/><C id="3769" n="Globo FC"/><C id="3771" n="S&#xE3;o Raimundo EC"/><C id="3772" n="Oper&#xE1;rio FC"/><C id="3776" n="URT"/><C id="3777" n="SC G&#xEA;nus"/><C id="3778" n="N&#xE1;utico FC"/><C id="3793" n="Interporto FC"/><C id="3794" n="Serra Talhada"/><C id="3795" n="S&#xE3;o Raimundo RR"/><C id="3830" n="EC Comercial"/><C id="3836" n="Ipanema AC"/><C id="3842" n="Itumbiara EC"/><C id="3844" n="Independente AC"/><C id="3847" n="Cinc&#xE3;o EC"/><C id="3848" n="Castanhal EC"/><C id="3849" n="SC Penedense"/><C id="3859" n="S&#xE3;o Gon&#xE7;alo EC"/><C id="3954" n="SC Atibaia"/><C id="3955" n="Nacional AC"/><C id="3957" n="Jabaquara Atl&#xE9;tico Clube"/><C id="3963" n="Minas Boca Futebol"/><C id="3967" n="Conc&#xF3;rdia FC"/><C id="3985" n="Associa&#xE7;&#xE3;o Nova Prata"/><C id="4175" n="Guarani de Juazeiro"/><C id="4176" n="EC Mamor&#xE9;"/><C id="4257" n="Itapipoca EC"/><C id="4269" n="Trindade AC"/><C id="4288" n="AA Portuguesa"/><C id="4302" n="GE Gl&#xF3;ria"/><C id="4311" n="Guarani-VA"/><C id="4314" n="R&#xED;ver AC"/><C id="4315" n="Barretos EC"/><C id="4322" n="Uniclinic AC"/><C id="4331" n="CA Tricordiano"/><C id="4341" n="EC Jacuipense"/><C id="4364" n="FC Cascavel"/><C id="4370" n="Goytacaz FC"/><C id="4375" n="Democrata FC"/><C id="4388" n="Veran&#xF3;polis ECRC"/><C id="4397" n="Sete de Setembro"/><C id="4433" n="Paran&#xE1; STC"/><C id="4447" n="Santa Quit&#xE9;ria"/><C id="4479" n="Ceres FC"/><C id="4480" n="Prudent&#xF3;polis FC"/><C id="4482" n="Portuguesa Santista"/><C id="4483" n="Brusque FC"/><C id="4485" n="CAP Uberl&#xE2;ndia"/><C id="4509" n="Barra FC"/><C id="4548" n="Oper&#xE1;rio-MG"/><C id="4751" n="SE Matonense"/><C id="4756" n="Atl&#xE9;tico Tubar&#xE3;o"/><C id="4758" n="AA Altos"/><C id="4762" n="Sert&#xE3;ozinho FC"/><C id="4763" n="Sousa EC"/><C id="4764" n="CS Sergipe"/><C id="4768" n="Nacional Fast Clube"/><C id="4778" n="Moto Club"/><C id="4791" n="EC Democrata"/><C id="4792" n="Rio Branco AC"/><C id="4793" n="Ipor&#xE1; EC"/><C id="4794" n="Fluminense de Feira"/><C id="4795" n="Atl&#xE2;ntico EC"/><C id="4798" n="Coimbra EC"/><C id="4845" n="Oper&#xE1;rio-MT"/><C id="4858" n="Potiguar Mossor&#xF3;"/><C id="4859" n="Cascavel CR"/><C id="4888" n="Corumbaense FC"/><C id="5055" n="CA Camb&#xE9;"/><C id="5056" n="Americano FC"/><C id="5067" n="Clube Andraus Brasil"/><C id="5077" n="Atl&#xE9;tico Acreano"/><C id="5080" n="Frei Paulistano"/><C id="5125" n="AC Cor&#xED;ntians"/></ClubData></PackData>
