<?xml version="1.0"?>
<PackData name="Top Rated Data download for Brazil" desc="The Top Rated Data download containing the top 50 rated clubs and players, and biggest stadiums in Brazil - generated at 15-Jun-2018 05:00:03"><PlayerData baseImageUrl="//cdn.soccerwiki.org/images/player/"><P id="38457" f="J&#xFA;nior" s="NEYMAR" i="38457.png"/><P id="13726" f="Vieira" s="MARCELO" i="13726.jpg"/><P id="44009" f="Roberto" s="FIRMINO" i="44009.jpg"/><P id="39823" f="Philippe" s="COUTINHO" i="39823.png"/><P id="35703" f="Douglas" s="COSTA" i="35703.jpg"/><P id="80266" f="Gabriel" s="JESUS" i="80266.jpg"/><P id="25270" f="Borges" s="WILLIAN" i="25270.png"/><P id="45184" f="Carlos" s="CASEMIRO" i="45184.png"/><P id="4165" f="Luis" s="FERNANDINHO" i="4165.png"/><P id="41233" f="Alex" s="SANDRO" i="41233.png"/><P id="3086" f="Filipe" s="LU&#xCD;S" i="3086.png"/><P id="2952" f="Dani" s="ALVES" i="2952.png"/><P id="56786" f="Corr&#xEA;a" s="MARQUINHOS" i="56786.png"/><P id="18338" f="Thiago" s="SILVA" i="18338.jpg"/><P id="4060" f="Jo&#xE3;o" s="MIRANDA" i="4060.png"/><P id="33654" f="Givanildo" s="HULK" i="33654.png"/><P id="38535" f="Emboaba" s="OSCAR" i="38535.png"/><P id="46511" f="Felipe" s="ANDERSON" i="46511.jpg"/><P id="45408" f="Lucas" s="MOURA" i="45408.jpg"/><P id="26843" f="Bezerra" s="PAULINHO" i="26843.png"/><P id="59007" f="Tavares" s="FABINHO" i="59007.png"/><P id="32959" f="Luiz" s="GUSTAVO" i="32959.jpg"/><P id="22645" f="David" s="LUIZ" i="22645.jpg"/><P id="59194" f="Ederson" s="MORAES" i="59194.png"/><P id="72230" f="Vieira" s="LUAN" i="72230.png"/><P id="18229" f="Gon&#xE7;alves" s="JONAS" i="18229.png"/><P id="8950" f="Ara&#xFA;jo" s="RAFFAEL" i="8950.jpg"/><P id="32901" f="Alex" s="TEIXEIRA" i="32901.png"/><P id="58165" f="Santos" s="FRED" i="58165.png"/><P id="18281" f="Renato" s="AUGUSTO" i="18281.png"/><P id="43684" f="Loureiro" s="ALLAN" i="43684.png"/><P id="27951" f="Santos" s="RAMIRES" i="27951.jpg"/><P id="44614" f="Luiz" s="DANILO" i="44614.png"/><P id="9130" f="Marcio" s="RAFINHA" i="9130.jpg"/><P id="69010" f="Nascimento" s="JEMERSON" i="69010.jpg"/><P id="4757" f="Aparecido" s="NALDO" i="4757.jpg"/><P id="68359" f="Becker" s="ALISSON" i="68359.jpg"/><P id="34210" f="Barcellos" s="TAISON" i="34210.jpg"/><P id="18852" f="Alexandre" s="PATO" i="18852.png"/><P id="41270" f="Ricardo" s="GOULART" i="41270.jpg"/><P id="43658" f="Willian" s="JOS&#xC9;" i="43658.png"/><P id="68223" f="Lucas" s="LIMA" i="68223.png"/><P id="68202" f="Anderson" s="TALISCA" i="68202.png"/><P id="41517" f="Rodrigues" s="DUDU" i="41517.png"/><P id="37955" f="Victor" s="GIULIANO" i="37955.png"/><P id="33533" f="Paulo Henrique" s="GANSO" i="33533.png"/><P id="2474" f="Ricardo" s="KAK&#xC1;" i="2474.png"/><P id="73666" f="Filipe" s="MALCOM" i="73666.png"/><P id="51186" f="Duarte" s="BERNARD" i="51186.png"/><P id="43644" f="Lucas" s="FERNANDO" i="43644.png"/></PlayerData><ClubData baseImageUrl="//smimgs.com/images/logos/clubs/"><C id="300" n="Palmeiras"/><C id="292" n="Cruzeiro"/><C id="602" n="Gr&#xEA;mio"/><C id="290" n="Corinthians"/><C id="294" n="Flamengo"/><C id="286" n="Atl&#xE9;tico Mineiro"/><C id="298" n="SC Internacional"/><C id="306" n="S&#xE3;o Paulo FC"/><C id="304" n="Santos FC"/><C id="287" n="Atl&#xE9;tico Paranaense"/><C id="307" n="Vasco da Gama"/><C id="295" n="Fluminense"/><C id="288" n="Botafogo FR"/><C id="2379" n="Chapecoense AF"/><C id="1473" n="EC Bahia"/><C id="1237" n="EC Vit&#xF3;ria"/><C id="923" n="Sport Recife"/><C id="1614" n="Am&#xE9;rica Mineiro"/><C id="1414" n="Ava&#xED; FC"/><C id="291" n="Coritiba"/><C id="1458" n="Cear&#xE1; SC"/><C id="2015" n="Clube de Regatas Brasil"/><C id="299" n="Juventude"/><C id="293" n="Figueirense"/><C id="297" n="Goi&#xE1;s"/><C id="296" n="Fortaleza EC"/><C id="1772" n="Crici&#xFA;ma EC"/><C id="303" n="Ponte Preta"/><C id="2063" n="Joinville EC"/><C id="1515" n="Guarani FC"/><C id="603" n="Santa Cruz"/><C id="301" n="Paran&#xE1; Clube"/><C id="3005" n="Tombense FC"/><C id="302" n="Paysandu SC"/><C id="2814" n="CS Alagoano"/><C id="922" n="N&#xE1;utico"/><C id="1457" n="Vila Nova"/><C id="1896" n="Boa Esporte"/><C id="3547" n="EC S&#xE3;o Bento"/><C id="1419" n="EC Santo Andr&#xE9;"/><C id="2174" n="Oeste FC"/><C id="1447" n="CA Bragantino"/><C id="289" n="Brasiliense"/><C id="2478" n="Brasil de Pelotas"/><C id="2802" n="Botafogo SP"/><C id="3017" n="Botafogo PB"/><C id="2378" n="Madureira EC"/><C id="2476" n="Clube do Remo"/><C id="2395" n="Sampaio Corr&#xEA;a"/><C id="3426" n="Ferrovi&#xE1;ria"/></ClubData><StadiumData baseImageUrl="//smimgs.com/images/stadium/"><S id="290" n="Maracan&#xE3;" i="290.jpg"/><S id="289" n="Maracan&#xE3;" i="289.jpg"/><S id="2967" n="Est&#xE1;dio Nacional Man&#xE9; Garrincha" i="2967.jpg"/><S id="301" n="Morumbi" i="301.jpg"/><S id="291" n="Arena Castel&#xE3;o" i="291.jpg"/><S id="282" n="Mineir&#xE3;o" i="282.jpg"/><S id="2851" n="Arena do Gr&#xEA;mio" i="2851.jpg"/><S id="687" n="Arruda" i="687.jpg"/><S id="297" n="Mangueir&#xE3;o" i="297.jpg"/><S id="2850" n="Itaipava Arena Fonte Nova" i="2850.jpg"/><S id="292" n="Serra Dourada" i="292.jpg"/><S id="4501" n="Est&#xE1;dio Municipal Parque do Sabi&#xE1;" i="4501.jpg"/><S id="293" n="Beira Rio" i="293.jpg"/><S id="578" n="Olimpico Monumental" i="578.jpg"/><S id="1722" n="Serra Dourada" i="1722.jpg"/><S id="2942" n="Santa Cruz" i="2942.jpg"/><S id="3369" n="Arena Corinthians" i="3369.jpg"/><S id="1785" n="Est&#xE1;dio Nilton Santos" i="1785.jpg"/><S id="3141" n="Itaipava Arena Pernambuco" i="3141.jpg"/><S id="287" n="Est&#xE1;dio Major Ant&#xF4;nio Couto Pereira" i="287.jpg"/><S id="3135" n="Almeid&#xE3;o" i="3135.jpg"/><S id="3834" n="Moren&#xE3;o" i="3834.jpg"/><S id="295" n="Allianz Parque" i="295.jpg"/><S id="3891" n="Moren&#xE3;o" i="3891.jpg"/><S id="1732" n="Eduardo Jos&#xE9; Farah" i="1732_1272303470.jpg"/><S id="4338" n="Albert&#xE3;o" i="4338.jpg"/><S id="283" n="Arena da Baixada" i="283.jpg"/><S id="3370" n="Arena Pantanal" i="3370.jpg"/><S id="2603" n="Arena da Amaz&#xF4;nia" i="2603.jpg"/><S id="896" n="Arena das Dunas" i="896.jpg"/><S id="286" n="Pacaembu" i="286.jpg"/><S id="4775" n="Est&#xE1;dio Governador Jo&#xE3;o Castelo"/><S id="2941" n="M&#xE1;rio Hel&#xEA;nio" i="2941.jpg"/><S id="4557" n="Verd&#xE3;o"/><S id="3361" n="Teixeir&#xE3;o" i="3361.jpg"/><S id="3906" n="Est&#xE1;dio do Caf&#xE9;" i="3906.jpg"/><S id="3011" n="Est&#xE1;dio do Caf&#xE9;" i="3011.jpg"/><S id="285" n="Serej&#xE3;o" i="285_1304406432.jpg"/><S id="2577" n="Amig&#xE3;o" i="2577.jpg"/><S id="3351" n="Major Levy Sobrinho" i="3351.jpg"/><S id="1243" n="Ipating&#xE3;o" i="1243_1316519226.jpg"/><S id="1244" n="Ilha do Retiro" i="1244.jpg"/><S id="1417" n="Barrad&#xE3;o" i="1417.jpg"/><S id="1537" n="Arena Barueri" i="1537.jpg"/><S id="1607" n="Pitua&#xE7;u" i="1607_1353097433.jpg"/><S id="3524" n="Est&#xE1;dio An&#xED;sio Haddad" i="3524.jpg"/><S id="3089" n="Palma Travassos" i="3089.jpg"/><S id="3901" n="Est&#xE1;dio JK" i="3901.jpg"/><S id="1649" n="Brinco de Ouro da Princesa" i="1649_1351893505.jpg"/><S id="2181" n="Centen&#xE1;rio" i="2181.jpg"/></StadiumData></PackData>
